--
-- Script was generated by Devart dbForge Data Generator for MySQL, Version 2.2.33.0
-- Product Home Page: http://www.devart.com/dbforge/mysql/data-generator
-- Script date 15/06/2019 15:37:35
-- Target server version: 8.0.16
-- Target connection string: User Id=root;Host=localhost;Character Set=utf8
--



SET NAMES 'utf8';
USE fiscalizacao;

--
-- Inserting data into table condicao
--
INSERT INTO condicao(idCONDICAO, descricao) VALUES
(1, '81K27080VOK80V'),
(2, 'Q9IPA1'),
(3, 'WHF157'),
(4, 'T6ZIIV0'),
(5, '8UG26Y9KX9');

--
-- Inserting data into table fiscal
--
INSERT INTO fiscal(cpf, nome, cod_apac) VALUES
(1076566354, 'GD5M', '0P09Z3X50'),
(2081728523, 'ALZ3', 'TY6H2K0'),
(861817989, 'H1', 'H'),
(144653009, '943652D516QO', '3Z'),
(1866980162, 'HIJE01V4KE6J0Z547474CY7280O3M', '4W4I7EM');

--
-- Inserting data into table irregularidade
--
INSERT INTO irregularidade(codigo, descricao, valor) VALUES
(2147483647, 'H', 7696088),
(1043616991, '7I2K', 3527480),
(1492208290, '1RC86W22Q7CCQ2', 310288),
(1808537171, '55O7', 301352),
(1258365357, 'Q6', 8523888);

--
-- Inserting data into table outorga
--
INSERT INTO outorga(num_proc_apac, processo_CPRH, tipo) VALUES
(2864003, 'Z87TV556YP4NK2P98', '3ER74M1CAK768273359G56637'),
(9999999, 'I580SB391D4PVG07FC3W3', 'HL3H8XWHMW6'),
(3864004, '216QVI2U1NFY', '1'),
(8318825, '37WT', 'BO689633N6A93T2W87'),
(4640273, 'QKDTON691U27KCS7', '9BN083');

--
-- Inserting data into table status_do_termo
--
INSERT INTO status_do_termo(idSTATUS_DO_TERMO, data, obs, descricao) VALUES
(1, '2010-08-30', 'MC25IH', 'E9'),
(2, '2016-10-13', '8EQAUPN97RN', 'F93PEK'),
(3, '1970-01-07', '3N6', '7IT065E3R28'),
(4, '1989-12-12', 'I9LI8W', 'Z75GV'),
(5, '1974-08-27', 'U9SBR598AIFU9423R', 'GBOCV2Z3MX');

--
-- Inserting data into table tipo_auto
--
INSERT INTO tipo_auto(codigo, descricao) VALUES
(1645652973, 'XA81WI0Q970XS08PU2SZV0PX4N'),
(3710, 'L72'),
(2147483647, '77C5B'),
(1430904608, '19F2VRNY58JNXJP1H5O178VFBMZF90G1M1JL3R6291VL8'),
(1861622907, 'TJ8JLFT06FJ9E6741OX372F');

--
-- Inserting data into table tipo_recurso
--
INSERT INTO tipo_recurso(codigo, descricao) VALUES
(654735486, '3B5YB5T495'),
(1540553807, '8P6L11WC5D0E4D'),
(1048420958, 'LEM6A'),
(1853098399, 'G76C9R'),
(1325805442, 'WK');

--
-- Inserting data into table auto
--
INSERT INTO auto(codigo, data_emissao, obs, matricula, IRREGULARIDADE_codigo, TIPO_AUTO_codigo) VALUES
(109916854, '2013-04-25', '1ZP9U3B3F1RQ', '3', 1492208290, 2147483647),
(2147483647, '2003-04-22', 'JI', '863S3L5G7', 1808537171, 3710),
(703870704, '1981-04-15', 'FK8X093O5A829B', '1J801', 1043616991, 1645652973),
(1335816938, '1970-03-09', '073L', '8K4', 1492208290, 1430904608),
(324665220, '2004-07-11', '629L3W6', '7L6', 1043616991, 2147483647);

--
-- Inserting data into table modelo_templete
--
INSERT INTO modelo_templete(idMODELO_TEMPLETE, nome, cabecalho_linha_1, cabecalho_linha_2, cabecalho_linha_3, TIPO_AUTO_codigo) VALUES
(1, 'J7O4', 'U58', '1', '9YSKD13P', 1861622907),
(2, 'SDQ909K', '14Y10P8I3V', 'JAE', '571DBG8O2', 1645652973),
(3, 'H24A9SH', '3M', 'S702', 'KNRFP5MM88Q16DKVD', 1430904608),
(4, '2N', 'MM', 'AS', 'JEY188398FL63O55B423', 2147483647),
(5, '7', '9PXR92938P281O9D7KQ4CDX7INE5N', 'CE30K', 'OU4', 1645652973);

--
-- Inserting data into table parametro
--
INSERT INTO parametro(codigo, descricao, IRREGULARIDADE_codigo) VALUES
(694380391, '63', 1258365357),
(2147483647, 'G5SUL6O4G6', 1492208290),
(2052605587, '6', 1492208290),
(479632026, '9J', 2147483647),
(694380392, '13', 2147483647);

--
-- Inserting data into table pedido_renovacao
--
INSERT INTO pedido_renovacao(data, motivo, obs, OUTORGA_num_proc_apac) VALUES
(1648599746, 'XH', '9UDH', 3864004),
(1433851381, '77Q3', '6', 2864003),
(1175992109, '36372WS9B7EEBEBT92M704DL47ND37N', '5XTVRH0WEJH27RG7', 2864003),
(580854343, 'W1CO', 'HKPG5', 2864003),
(795602709, 'V45', '1T2', 4640273);

--
-- Inserting data into table recurso_adm
--
INSERT INTO recurso_adm(sequencia, descricao, destino, status, data_entrada, num_doc_fisico, TIPO_RECURSO_codigo) VALUES
(2147483647, '6U5J5', '177IG770LI09TT456K2', 'UC4GR662312XE4H5MBDU9P0M1S221S1E56WYB', 'WB9XI093', '06018', 1048420958),
(1617553496, '6828J', '0LC6M31', 'JB584BC5', '0DKV', '60511', 1048420958),
(206223024, '1N6BY3J5H50', 'Z8M42UCMM1CEJA673Y3', 'W', '50', '32059', 1325805442),
(1209230417, 'RN4MWVS4D', '7SD7', '4', 'TJ', '06828', 1325805442),
(1402805131, '21J5L711W42', '1Q0ZZ', 'EZSKS860K0A94X0AF1HDD0ZL', '0B98Z89', '84296', 1853098399);

--
-- Inserting data into table termo_de_outorga
--
INSERT INTO termo_de_outorga(sequencial, OUTORGA_num_proc_apac, num_termo, data_criacao, data_validade, STATUS_DO_TERMO_idSTATUS_DO_TERMO) VALUES
(647985303, 3864004, '46801', '1986-07-20', '1970-01-09', 1),
(78314090, 2864003, '50003', '1984-05-26', '1970-03-26', 2),
(1422643001, 8318825, '92898', '2004-08-21', '1976-08-19', 4),
(433236937, 9999999, '39914', '1987-07-28', '1972-06-13', 3),
(433236938, 4640273, '66415', '1988-11-17', '2012-08-16', 3);

--
-- Inserting data into table vistoria
--
INSERT INTO vistoria(codigo, tipo, obs, descricao, data_ocorrencia, novo_endereco, motivo, data_correspondencia, coordenada_X, coordenada_y, flag_endereco_divergente, AUTO_codigo) VALUES
(1242759118, '90BP6FP353J3FY', '8WVP', 'RS5L82A73UC618VHF809QEX0HIK6QB42O5', '2009-07-11', '9DX2Y7W5VL4', '3', '33V', 'S', 'DM9830676SSUZQ9', 'JBG3MX', 109916854),
(2014135986, 'AJTYPLS9174245', 'O7P08', 'U3', '1970-07-12', '0', 'QVB5', '13CZ41U6E20XL8RUR31QKJ419Z', 'K', '58R88J6PF61NC068JDW8CS', 'W8S1R', 109916854),
(2147483647, 'W9XY392R0MZX67BT64G7105', 'M9', '56O9J9', '2006-03-14', '3', 'XGHVPZ18', 'NP8K4DEPDLIJDQP180NLB91S', 'W4C', '2WD8N44', '4G6CQZY30', 1335816938),
(1446218158, '525', '1Q82G02RL9XD8THE2W247Z0N6U5B804C1111022G83J60', '6BEKF0E2', '1991-05-27', 'PQ9SGVST0357', '04', '0', 'GH', '510LGGDB9', '7L', 324665220),
(190421586, 'PN', '3EMP8V', 'D7', '1970-08-13', 'C', 'K', '5S4OBBY8RW', 'Z6JIR4295V84LW', 'QVV8QCO0D6YL5', '45N37S5Q10V0N01265SF63V4', 109916854);

--
-- Inserting data into table advertencia
--
INSERT INTO advertencia(sequencial, AUTO_codigo, obs, tipo, descricao, MODELO_TEMPLETE_idMODELO_TEMPLETE) VALUES
(2147483647, 703870704, '00A848', 'WCC9', 'J', 2),
(548150612, 109916854, 'KWUQ74', '4WA7S7', 'K1', 3),
(762898978, 1335816938, 'T', '0', 'E', 1),
(1083565138, 2147483647, '3NO40J', 'J', '7U', 1),
(1908000232, 324665220, 'EX', '6O3', 'KXI', 2);

--
-- Inserting data into table anexo
--
INSERT INTO anexo(sequencial, PEDIDO_RENOVACAO_data, descricao, arquivo, data_insercao, ANEXOcol, RECURSO_ADM_sequencia) VALUES
(2147483647, 1175992109, 'W', '7782C8B87X1465', 'LQYL88117Q37260178C277', 'K18TQ71R127Y96A', 1617553496),
(1445059648, 1648599746, 'X2706O1', 'AOEX9BT4SCUB3L', 'YL63L', '0', 206223024),
(1659808014, 580854343, 'H', '18', '8Q10S', 'C', 1617553496),
(1905923617, 1433851381, 'VS83MC9P3BR3', '3RVH', '0', 'E', 1402805131),
(728473325, 795602709, 'BMO', '4S721J', 'Y', 'D6HJ1Y5ZP94J8170ZA9K25FD', 2147483647);

--
-- Inserting data into table cobranca
--
INSERT INTO cobranca(sequencial, data, obs, situacao, TERMO_DE_OUTORGA_sequencial, TERMO_DE_OUTORGA_OUTORGA_num_proc_apac) VALUES
(2147483647, '1989-03-15', 'F20', 'Q0V', 433236938, 4640273),
(1109514045, '1970-12-03', '1D4OFX', '6M', 433236938, 4640273),
(894765680, '2010-02-23', 'J8QSD', 'SUG9SMM68WF7896F1787O09UYIMRHZ36', 647985303, 3864004),
(1109514046, '1991-07-19', '0EMX46', '5GK', 1422643001, 8318825),
(1925562544, '2008-03-11', '6B2', '991AGUV59978S', 433236938, 4640273);

--
-- Inserting data into table demanda_proc_fiscalizacao
--
INSERT INTO demanda_proc_fiscalizacao(codigo, vistoria, AUTO_codigo) VALUES
(2147483647, '7UF5D', 703870704),
(565742035, '851', 703870704),
(1414011830, 'DK746KNPD', 703870704),
(780490401, 'JN74QR3F1', 1335816938),
(67280100, 'LI', 703870704);

--
-- Inserting data into table fiscal_vistoria
--
INSERT INTO fiscal_vistoria(FISCAL_cpf, VISTORIA_codigo) VALUES
(861817989, 2147483647),
(1076566354, 1242759118),
(144653009, 1446218158),
(2081728523, 2014135986),
(1866980162, 190421586);

--
-- Inserting data into table irregularidade_parametro
--
INSERT INTO irregularidade_parametro(PARAMETRO_codigo, IRREGULARIDADE_codigo, valor_informado, valor_referencia) VALUES
(2052605587, 1492208290, 2512831, 3),
(694380391, 2147483647, -8140825, -1236280),
(479632026, 1808537171, 67, 174658),
(2147483647, 1043616991, -8001961, 6369952),
(694380392, 1258365357, -9359242, 2676186);

--
-- Inserting data into table penalidade
--
INSERT INTO penalidade(idPENALIDADE, status, ja_cobrada, descricao, valor_multa, tipo, data_adiantamento, data_emissao, data_recebimento, PENALIDADEcol, AUTO_codigo) VALUES
(1, '7P1799', '33', 'O9K4M1R', 'N7', '1LA66KCA6E93G4C2', '1991-03-30', '1982-02-10', '2012-12-07', '87771', 703870704),
(2, 'GF7644', 'AJ811J', '1YK986', 'LF2HW8D63B414X2H2', '1', '2009-11-18', '1978-08-09', '1970-03-05', '32164', 703870704),
(3, 'A', 'SEN', 'SBI', 'RTL', '3XC', '1993-02-26', '1977-10-18', '2003-11-09', '76891', 109916854),
(4, 'GE9', 'BI7366F', 'L', '1', '0UPRP5Q', '2002-02-09', '1970-02-28', '1972-01-02', '29510', 324665220),
(5, '8V59308J6J01Y2T7', 'Y6', '3P9', 'ASLH5396AL0ZDA2', '4', '1986-06-16', '2019-03-29', '1977-10-17', '37722', 109916854);

--
-- Inserting data into table protocolo
--
INSERT INTO protocolo(sequencial, data_emissao, observacao, TERMO_DE_OUTORGA_sequencial, TERMO_DE_OUTORGA_OUTORGA_num_proc_apac) VALUES
(51478662, '1983-05-05', '86C', 647985303, 3864004),
(2147483647, '2014-07-15', '1DIREBKHR9J2O7782GY335257Q', 647985303, 3864004),
(1672174791, '2005-02-13', 'I5', 433236937, 9999999),
(266227028, '1989-11-26', '7GD99', 78314090, 2864003),
(645173581, '1995-05-14', '3674R6', 433236937, 9999999);

--
-- Inserting data into table relatorio_vistoria
--
INSERT INTO relatorio_vistoria(sequencia, relatorio_VISTORIAcol, data_criacao, titulo, arquivo, formato, num_versao, VISTORIA_codigo) VALUES
(2147483647, '2A2Y2', '2011-10-19', '622X217R18', 'U35', '9', '63751', 2014135986),
(1508310666, '3TIA78C62', '2018-01-31', 'XOABXN70ON06J66N8IV96PYYVV', 'XR5', 'HG', '85868', 2014135986),
(1293562301, 'SNPL', '2004-01-28', '1R4W', 'WR4', '8D6UU03', '23736', 190421586),
(1176281054, '3', '1975-01-18', 'JRL9W951E7Q9MTI', '54AT', 'VXQ7J3808093LDR81O17', '62789', 1446218158),
(961532689, 'JHNWG6Y1OXBIK95JFMW', '1980-03-13', 'W8Z7ZV16Q709KY2', 'ZF1D6MA', '844', '72533', 2014135986);

--
-- Inserting data into table secao_template
--
INSERT INTO secao_template(idSECAO_TEMPLATE, nome_secao, parametro_1, parametro_2, parametro_3, conteudo_secao, MODELO_TEMPLETE_idMODELO_TEMPLETE) VALUES
(1, '8F3', 'L885', 'C03P0182WY95J5827B', '4032O399I6', '3W89V0A2V2KEKO542', 5),
(2, '1', '84P', 'T799O71JD1L66', 'M43CG876V6', '5C', 2),
(3, '22DZ78711IZ1X02BI72L', 'U', '71VQO0I0K4OHT0034', 'T0QI5FJO', '5D368T8LDB1QLWS5', 5),
(4, '091C7', '918W', '3', 'N6XG3BE1U', '08329', 2),
(5, '2ZM2MJ4VH287CYV', 'J9', '3UT783R5HIC408Z1', 'H5S', 'Y9SL96QT', 3);

--
-- Inserting data into table termo_de_outorga_irregularidade
--
INSERT INTO termo_de_outorga_irregularidade(sequencial, TERMO_DE_OUTORGA_sequencial, TERMO_DE_OUTORGA_OUTORGA_num_proc_apac, IRREGULARIDADE_codigo) VALUES
(233058460, 433236937, 9999999, 1808537171),
(1176571559, 647985303, 3864004, 1043616991),
(1368021706, 433236938, 4640273, 2147483647);